{
    "response": {
        "header": {
            "resultCode": "0000",
            "resultMsg": "OK"
        },
        "body": {
            "items": {
                "item": [
                    {
                        "addr": "부산광역시 사하구 몰운대1길 14",
                        "areacode": "6",
                        "contentid": "2547517",
                        "createdtime": "20180513231456",
                        "mainimage": "http://tong.visitkorea.or.kr/cms/resource/95/2675495_image2_1.jpg",
                        "cpyrhtDivCd": "Type3",
                        "modifiedtime": "20231215165507",
                        "sigungucode": "10",
                        "subtitle": "",
                        "summary": "약 8천만 년 전 백악기 말에 쌓인 하부다대포층과 그 후 부산지역 지각의 변형과정을 한눈에 볼 수 있는 명소이다. 과거 ‘몰운도(沒雲島)’라는 섬이었으나 낙동강에서 공급된 모래가 쌓이면서 육지와 연결된 육계도의 독특한 지형을 나타낸다. 다양한 단층과 단층암, 암맥, 광맥, 마그마성 및 쇄설성 암맥, 쳐트편, 사층리, 흔적화석, 과거 지진기록 등의 다양한 지질특성을 간직한 지질학의 교과서라 불릴만한 명소이다. \n\n또한 국가지질공원으로 지정된 몰운대는 우거진 송림과 기암괴석으로 이루어진 해안절경이 멋진 경관을 연출한다. 해안산책로를 따라가면 철썩이는 옥빛 바다를 가장 가까이에서 만날 수 있다. 해가 지기 시작하면 다시 바닷가로 나가 일몰의 순간을 기다려야 한다. 부산에서 가장 아름다운 낙조를 감상할 수 있는 최고의 장소이기 때문이다. 화려한 금빛이 바다 한가운데로 떨어지며 사람들의 검은 실루엣조차 하나의 작품으로 만들어준다. 금가루를 뿌려놓은 듯 낙조의 빛은 눈이 부시다. \n\n* 문의 및 안내 : 051-220-4127 (다대포해변공원관리센터)\n* 관련 홈페이지 : <a href=\"https://www.visitbusan.net/kr/index.do?menuCd=DOM_000000201001001000&uc_seq=366&lang_cd=ko\" target=\"_blank\"   title=\"몰운대 홈페이지로 이동\">https://www.visitbusan.net/</a>\n\n◎이용안내\n- 이용요금 : 무료\n- 화장실 : 있음 (남녀구분)\n- 장애인 편의시설 : 장애인주차장 있음(20여 대), 장애인화장실 있음(남녀구분)\n- 주차시설 : 있음(일반 300여 대, 대형 5대)",
                        "tel": "051-220-4127",
                        "telname": "다대포해변공원관리센터",
                        "title": "몰운대"
                    },
                    {
                        "addr": "부산광역시 사하구 다대동 일대",
                        "areacode": "6",
                        "contentid": "2547516",
                        "createdtime": "20180513231114",
                        "mainimage": "http://tong.visitkorea.or.kr/cms/resource/68/2547068_image2_1.jpg",
                        "cpyrhtDivCd": "Type3",
                        "modifiedtime": "20231213151210",
                        "sigungucode": "10",
                        "subtitle": "",
                        "summary": "공룡의 전성시대였던 백악기 말의 부산지역 지질의 모습을 한눈에 보여주는 으뜸 명소이다. 특히 과거 지진이 기록된 다양한 산출 상태의 쇄설성 암맥과 고지진암이 절경이다. 퇴적층에서는 공룡알둥지와 파편화석이 나타나고, 이회암, 석화목, 환원점, 석회질고토양등의 흥미로운 지질특성들은 높은 학술적 가치를 가진다.\n\n* 문의 : 051-888-3636\n* 관련 홈페이지 : http://www.busan.go.kr/geopark/index/\n\n◎이용안내\n- 이용요금 : 무료\n- 화장실 : 있음(남녀구분)\n- 장애인 편의시설 : 장애인화장실 있음(남녀구분)\n- 주차시설 : 없음",
                        "tel": "051-888-3636",
                        "telname": "부산광역시 환경보전과",
                        "title": "두송반도명소"
                    },
                    {
                        "addr": "부산광역시 사하구 낙동남로 1240",
                        "areacode": "6",
                        "contentid": "2547515",
                        "createdtime": "20180513230201",
                        "mainimage": "http://tong.visitkorea.or.kr/cms/resource/57/2547057_image2_1.jpg",
                        "cpyrhtDivCd": "Type3",
                        "modifiedtime": "20231115135429",
                        "sigungucode": "10",
                        "subtitle": "",
                        "summary": "낙동강이 남해바다와 만나 만들어진 현생 삼각주로 모래들이 쌓여 만들어진 사주, 사구, 석호 등 아름다운 지형의 명소들이 압권이다. 습지와 철새도래지 명소에는 독특하고 다양한 동식물들이 서식하며, 에코센터에서 아미산 전망대로 이어지는 지오트레일코스가 개발되어 있다.\n\n\n* 문의 : 051-888-3636\n* 개장일 : [낙동강하구에코센터] 09:00~18:00\n* 휴무일 : [낙동강하구에코센터] 1월 1일, 월요일(공휴일인 경우 그다음 날)\n* 관련 홈페이지 : \n부산국가지질공원 http://www.busan.go.kr/geopark/index/ \n낙동강하구에코센터 http://www.busan.go.kr/wetland/\n\n◎이용안내\n- 이용요금 : 프로그램별 상이 (홈페이지 참조)\n- 화장실 : 있음(남녀구분) \n- 장애인 편의시설 : 장애인주차장 있음(2대), 장애인화장실 있음(남녀구분)\n- 주차시설 : 있음(일반 34대, 대형 3대)",
                        "tel": "051-888-3636",
                        "telname": "부산광역시 환경보전과",
                        "title": "낙동강하구명소"
                    }
                ]
            },
            "numOfRows": 3,
            "pageNo": 1,
            "totalCount": 3
        }
    }
}