{
  "response": {
    "header": {
      "resultCode": "0000",
      "resultMsg": "OK"
    },
    "body": {
      "items": {
        "item": [
          {
            "addr": "부산광역시 사하구 몰운대1길 14",
            "areacode": "6",
            "contentid": "2547517",
            "createdtime": "20180513231456",
            "mainimage": "http://tong.visitkorea.or.kr/cms/resource/95/2675495_image2_1.jpg",
            "cpyrhtDivCd": "Type3",
            "modifiedtime": "20231215165507",
            "sigungucode": "10",
            "subtitle": "",
            "summary": "약 8천만 년 전 백악기 말에 쌓인 하부다대포층과 그 후 부산지역 지각의 변형과정을 한눈에 볼 수 있는 명소이다. 과거 ‘몰운도(沒雲島)’라는 섬이었으나 낙동강에서 공급된 모래가 쌓이면서 육지와 연결된 육계도의 독특한 지형을 나타낸다. 다양한 단층과 단층암, 암맥, 광맥, 마그마성 및 쇄설성 암맥, 쳐트편, 사층리, 흔적화석, 과거 지진기록 등의 다양한 지질특성을 간직한 지질학의 교과서라 불릴만한 명소이다. \n\n또한 국가지질공원으로 지정된 몰운대는 우거진 송림과 기암괴석으로 이루어진 해안절경이 멋진 경관을 연출한다. 해안산책로를 따라가면 철썩이는 옥빛 바다를 가장 가까이에서 만날 수 있다. 해가 지기 시작하면 다시 바닷가로 나가 일몰의 순간을 기다려야 한다. 부산에서 가장 아름다운 낙조를 감상할 수 있는 최고의 장소이기 때문이다. 화려한 금빛이 바다 한가운데로 떨어지며 사람들의 검은 실루엣조차 하나의 작품으로 만들어준다. 금가루를 뿌려놓은 듯 낙조의 빛은 눈이 부시다. \n\n* 문의 및 안내 : 051-220-4127 (다대포해변공원관리센터)\n* 관련 홈페이지 : <a href=\"https://www.visitbusan.net/kr/index.do?menuCd=DOM_000000201001001000&uc_seq=366&lang_cd=ko\" target=\"_blank\"   title=\"몰운대 홈페이지로 이동\">https://www.visitbusan.net/</a>\n\n◎이용안내\n- 이용요금 : 무료\n- 화장실 : 있음 (남녀구분)\n- 장애인 편의시설 : 장애인주차장 있음(20여 대), 장애인화장실 있음(남녀구분)\n- 주차시설 : 있음(일반 300여 대, 대형 5대)",
            "tel": "051-220-4127",
            "telname": "다대포해변공원관리센터",
            "title": "몰운대"
          },
          {
            "addr": "전라북도 전주시 완산구 바람쐬는길 21",
            "areacode": "37",
            "contentid": "2549259",
            "createdtime": "20180526012059",
            "mainimage": "http://tong.visitkorea.or.kr/cms/resource/32/2547532_image2_1.jpg",
            "cpyrhtDivCd": "Type3",
            "modifiedtime": "20231215164714",
            "sigungucode": "12",
            "subtitle": "",
            "summary": "전주천 상류의 치명자산과 승암산 기슭에 자리 잡은 전주자연생태관이 전주권 자연생태의 명소로 자리매김하고 있다. 1만 8,766㎡ 부지면적에 지하 1층 지상 3층, 연면적 2,075㎡의 규모로 국ㆍ도비 보조를 받아 건립된 전주자연생태관은 외양부터가 전주의 특성을 살렸다. 특히 건물 이미지는 한국의 전통적인 처마선을 이용한 다양한 비례 사용으로 리듬감 있게 설계되었다. 전면출입구는 물고기 입의 조형적 이미지를, 후면출입구는 물고기 꼬리를 형상화하여 전통과 현대를 접목시켰다는 점이 흥미롭다.\n\n* 문의 : 063-281-5252\n* 개장일 : 09:00~18:00(매표마감 17:00)\n* 휴무일 : 매주 월요일, 1월 1일, 명절당일\n* 관련 홈페이지 : <a href=\"http://ecomuseum.jeonju.go.kr/\" target=\"_blank\" title=\"새창 : 전주자연생태관 홈페이지로 이동\">http://ecomuseum.jeonju.go.kr/</a>\n\n◎이용안내\n- 이용요금 :\n개인 - 일반 2,000원, 중, 고등학생 1,000원, 초등학생 이하 500원\n단체 - 일반 1,500원, 중, 고등학생 700원, 초등학생 이하 300원\n- 화장실 : 있음 (남녀구분)\n- 장애인 편의시설 : 장애인 화장실 있음 (남녀구분), 장애인 주차장 있음 (2대) \n- 주차시설 : 일반 60여 대, 대형 30여 대 주차 가능",
            "tel": "063-281-5252",
            "telname": "전주자연생태관",
            "title": "전주자연생태 체험센터"
          },
          {
            "addr": "충청북도 보은군 속리산면 법주사로 84",
            "areacode": "33",
            "contentid": "2547328",
            "createdtime": "20180513203608",
            "mainimage": "http://tong.visitkorea.or.kr/cms/resource/95/2547195_image2_1.jpg",
            "cpyrhtDivCd": "Type3",
            "modifiedtime": "20231215162346",
            "sigungucode": "3",
            "subtitle": "",
            "summary": "1970년 6번째 국립공원으로 지정되었으며 예로부터 제2금강 또는 소금강이라 불릴 만큼 경관이 빼어나다.\n총면적 274.766k㎡에 달하는 속리산국립공원은 충북과 경북의 여러 지역에 걸쳐 바위로 이루어진 산으로, 주요 봉우리인 천왕봉과 비로봉, 문장대는 백두대간의 장엄한 산줄기를 잇고 있어 암봉과 암릉이 잘 발달되어 있다. 속리산에는 많은 산들이 접해 있으며, 남쪽의 천왕봉(1,058m)을 중심으로 비로봉, 문장대, 관음봉 등 8개의 봉우리가 활처럼 휘어져 뻗어나간다.\n\n\n* 문의 : 043-542-5267\n* 관련 홈페이지 : <a href=\"http://songni.knps.or.kr/\" target=\"_blank\" title=\"새창 : 속리산국립공원 홈페이지로 이동\">http://songni.knps.or.kr/</a>\n\n◎이용안내\n- 이용요금 : 시설 이용료 상이, 홈페이지 참조\n- 화장실 : 있음(남녀구분)\n- 장애인 편의시설 : 장애인 주차장 있음(10여 대)\n- 주차시설 : 있음",
            "tel": "043-542-5267",
            "telname": "속리산국립공원관리사무소",
            "title": "속리산국립공원"
          },
          {
            "addr": "전라북도 무주군 설천면 구천동1로 159",
            "areacode": "37",
            "contentid": "2508748",
            "createdtime": "20170923224400",
            "mainimage": "",
            "cpyrhtDivCd": "",
            "modifiedtime": "20231215161827",
            "sigungucode": "5",
            "subtitle": "",
            "summary": "덕유산국립공원은 전라북도 무주와 장수군, 경상남도 거창과 함양군 등 2개 도 4개 군에 걸쳐 있다. 향적봉(1,614m)을 중심으로 1,300m 안팎의 장중한 능선이 남서쪽을 향해 장장 약 30km를 달리고 있으며, 주요 봉우리를 기점으로 8개의 긴 계곡이 동서사면에 형성되어 있다. 특히 향적봉 서쪽 중봉에서 발원해 13개의 대(臺), 10여 개의 못, 20개의 폭포 등 기암절벽과 여울들이 이어지는 구천동 계곡은 길이가 나제통문에서부터 북덕유산 턱 아래 백련사까지 장장 70리 길에 달하는데 예로부터 선인들이 이름 붙인 덕유산 33 비경으로 꼽힌다.\n\n‘덕이 많은 너그러운 모산’이라는 의미의 덕유산에는 피서지로 유명한 무주구천동 계곡 외에 신라와 백제의 관문이던 나제통문과 고려시대에 축성되었다는 적상산성 등이 남아 있다. 《조선왕조실록》을 보관했던 적상산사고는 복원돼 전라북도기념물(적상산사고지유구)로 지정되어 있다. 덕유산 하면 무주구천동 안에 개장한 무주리조트를 빼놓을 수 없는데 스키장 등 잘 마련된 동계스포츠 시설로 1997년 동계 유니버시아드를 개최했다. 곤돌라를 타고 해발 1,520m 설천봉에 오르면 덕유산 정상인 향적봉을 20분 만에 오를 수 있다.\n\n\n* 문의 : 063-322-3174\n* 지정현황 : 매월당부도(전라북도 유형문화재), 백련사계단(전라북도 기념물) 등\n* 관련 홈페이지 : <a href=\"http://deogyu.knps.or.kr\" target=\"_blank\" title=\"새창 : 덕유산국립공원 홈페이지로 이동\">http://deogyu.knps.or.kr</a>\n\n◎이용안내\n- 이용요금 : 없음\n- 화장실 : 있음",
            "tel": "063-322-3174",
            "telname": "덕유산국립공원사무소",
            "title": "덕유산국립공원"
          },
          {
            "addr": "경상북도 문경시 문경읍 새재로 932",
            "areacode": "35",
            "contentid": "2549159",
            "createdtime": "20180525230452",
            "mainimage": "http://tong.visitkorea.or.kr/cms/resource/76/2548876_image2_1.jpg",
            "cpyrhtDivCd": "Type3",
            "modifiedtime": "20231215161010",
            "sigungucode": "7",
            "subtitle": "",
            "summary": "문경읍에서 서북쪽으로 깊은 협곡을 따라 3.5km 가면 조선 숙종 34년 (1708년)에 쌓은 영남 제1 관문인 주흘관문에 이르며, 3km 더 가면 제2 관문인 조곡관, 이곳에서 3.5km 떨어진 곳에 제3 관문인 조령관이 있다. 이 일대를 1981년 도립공원으로 지정했다. 문경의 3 관문을 품고 있는 주흘산(1,106m)은 관문까지의 험한 계곡에 이루어진 풍치가 매우 뛰어나며, 여궁폭포, 혜국사, 용추, 원터, 교귀정 등의 명소가 있다. 최근에는 KBS촬영장이 들어서 관광명소로 거듭나고 있다. 제1관문 인주흘관에서 제3관문 인조령관까지는 약 6.5km로 왕복 4시간 정도 걸리는 길이지만 길이 완만하고 나무가 우거져 있어 가벼운 트레킹 코스로 인기다. 조곡관 뒤편의 약수터에서는 휴식을 취하기 좋다. 발 씻는 곳이 따로 있어 편안하게 맨발로 산책하기 좋다.\n\n* 문의 : 054-550-8363\n* 관련 홈페이지 : <a href=\"https://www.gbmg.go.kr/tour/contents.do?mId=0101010100\" target=\"_blank\" title=\"새창 : 문경문화관광 홈페이지로 이동\">https://www.gbmg.go.kr/</a>\n\n◎이용안내\n- 이용요금 : 관람 무료, 주차료 상이\n- 화장실 : 있음(남녀구분)\n- 장애인 편의시설 : 장애인 화장실 있음(남녀구분) / 장애인 주차장 있음(다수 가능)\n- 주차시설 : 있음(일반/대형 다수 가능)",
            "tel": "054-550-8363",
            "telname": "문경새재관리사무소",
            "title": "문경새재 도립공원"
          },
          {
            "addr": "충청남도 홍성군 서부면 죽도리",
            "areacode": "34",
            "contentid": "2549275",
            "createdtime": "20180526015119",
            "mainimage": "http://tong.visitkorea.or.kr/cms/resource/05/2547405_image2_1.jpg",
            "cpyrhtDivCd": "Type3",
            "modifiedtime": "20231215160133",
            "sigungucode": "15",
            "subtitle": "",
            "summary": "죽도는 홍성군의 하나뿐인 섬으로 1개의 유인도와 11개의 무인도로 이루어져 있는데 섬자체가 고기들의 집이며 산란장이다. 해상낚시터와 죽도 둘레길을 걸으며 느림의 여유와 힐링의 시간을 가질 수 있는 섬이다. 그리고 에너지 자립섬으로 마을 전체가 태양광 발전으로 생활하는 섬으로 친환경에너지의 산 교육장이다.\n\n* 문의 및 안내 : 041-630-9609\n* 관련 홈페이지 : <a href=\"https://www.hongseong.go.kr/prog/tursmCn/tour/sub01_0205/view.do?cntNo=16\" target=\"_blank\" title=\"새창 : 홍성 문화관광 홈페이지로 이동\">https://www.hongseong.go.kr/</a>",
            "tel": "041-630-9609",
            "telname": "죽도서부면사무소",
            "title": "에너지자립섬 자급자족 죽도"
          },
          {
            "addr": "제주특별자치도 제주시 구좌읍 해녀박물관길 26",
            "areacode": "39",
            "contentid": "2508649",
            "createdtime": "20170923202630",
            "mainimage": "http://tong.visitkorea.or.kr/cms/resource/21/2675721_image2_1.JPG",
            "cpyrhtDivCd": "Type3",
            "modifiedtime": "20231215155403",
            "sigungucode": "4",
            "subtitle": "",
            "summary": "하도리는 제주의 동북쪽에 위치하며 해안가를 중심으로 마을이 형성된 곳으로 푸른 바다와 하얀 백사장, 뛰어난 절경의 해안도로, 수십 종의 철새도래지로 유명한 마을이다. 이곳 마을에는 제주의 농업유산인 밭담이 잘 보존되어 있으며 제주 해녀의 문화와 역사를 알 수 있는 해녀박물관이 위치해 있다. 해녀박물관을 중심으로 제주 해녀의 삶을 느낄 수 있는 밭담길이 조성되어있는데 ‘하도리 밭담길’, ‘숨비소리 길’이다. 해녀들이 물질할 때 참았던 숨을 한번에 내뱉는데 그 소리를 가리켜 숨비소리라고 한다. 또 과거 제주의 해녀들은 물질 외에도 밭일을 겸하며 생활을 유지하였는데, 그 해녀들이 물질과 밭일을 하기위해 지나다녔던 길을 숨비소리길이라고 한다. 해녀박물관을 시작으로 해녀박물관 주변에 있는 불턱(해녀들이 물질하면서 옷을 갈아입거나 쉬던 장소), 신당(신을 모신 곳), 제주도 기념물인 별방진(왜구를 막기 위해 해안에 쌓은 성곽) 등 해녀와 관련된 유산과 제주인의 역사를 알아갈 수 있는 코스로 숨비소리길이 조성되었다. 총 1시간 30분이 소요되며 길을 걸으면서 제주의 풍경속에서 한적하고 여유롭게 과거 제주인과 해녀들의 삶의 애환을 느껴볼 수 있다.\n\n한라산 동쪽 끝 해안가에 위치한 하도리는 매년 겨울이면 철새들이 찾아든다. 해발고도가 약 50m 이하의 낮은 평지로 동쪽으로는 농경지가 있고 북쪽으로는 둑 너머로 푸른 해변이 펼쳐져 있으며, 남쪽으로는 갈대밭이 있어 철새들이 서식하기 좋은 환경을 갖췄다. 이곳을 찾는 대표적인 철새는 천연기념물이자 멸종위기 야생생물인 고니, 노랑부리저어새, 저어새, 참매 등이 있다. 매년 황조롱이, 물수리 등의 맹금류, 청둥오리·원앙·고방오리·넓적부리·쇠오리 등의 오리류, 논병아리류, 가마우지류 등 30여 종의 철새 3,000~5,000마리가 찾아든다.\n\n하도리는 도의여 혹은 알도의여라는 이름으로도 불렸다. 마을 앞바다에 토끼섬이 있어 이 일대를 도의여 혹은 돈의여라고 불렀다는 데서 그 유래를 찾아볼 수 있다. ‘여’는 물속에 잠겨 보이지 않는 바위를 말한다. 하도리 철새도래지의 북쪽 둑 너머로는 하도리해수욕장이 있어 여름이면 많은 피서객이 해수욕을 즐기기 위해 찾아온다. 둑을 축조하며 만들어진 다리는 드라이브 코스로도 좋다.\n\n* 문의 : 064-710-3314 \n* 휴무일 : 연중무휴 \n\n◎이용안내 \n- 이용요금 : 없음 \n\n*해녀박물관 입장시 \n- 이용요금 : 어른 1,100원, 청소년 500원 \n- 이용시간 : 해녀박물관 매일 09:00~18:00 \n- 화장실 : 있음 \n- 주차시설 : 있음, 무료 \n\n*숨비소리길 코스해녀박물관-삼신당-면수동 마을회관-팽나무-밭담길-별방진-무두망개- 서동 보시코지불턱-모진다리 불턱-생이덕불턱-서동 성창-면수동 해녀탈의장-갯것할망당-도구리통-해녀박물관",
            "tel": "064-710-3314",
            "telname": "제주시 관광정책과",
            "title": "제주도 하도리 숨비소리길(하도리밭담길)"
          },
          {
            "addr": "충청북도 단양군 영춘면 온달로 23",
            "areacode": "33",
            "contentid": "2547357",
            "createdtime": "20180513212332",
            "mainimage": "http://tong.visitkorea.or.kr/cms/resource/44/2547244_image2_1.jpg",
            "cpyrhtDivCd": "Type3",
            "modifiedtime": "20231215155112",
            "sigungucode": "2",
            "subtitle": "",
            "summary": "온달산성이 있는 성산 기슭 지하에서 약 4억 5,000만 년 전부터 생성되어 온 것으로 추정되는 석회암 천연동굴로 굴과 지굴의 길이가 760m, 입구높이 약 2m이며, 면적은 34만 9485㎡이다. 동굴의 존재는 신증동국여지승람 제14권 충청도 영춘현 고적조에 기록되어 있으며 1966년부터 학술조사가 시행되어 1975년 잠시 공개하였으나, 지리적 여건으로 폐쇄되었다가 대대적인 개발을 통해 1997년부터 다시 일반인에게 개방되었다. 아직 전혀 훼손되지 않은 태곳적 모습을 그대로 간직하고 있다.\n\n\n* 문의 : 043-423-8820 \n* 개장일 : 하절기 09:00~18:00, 동절기 09:00~17:00\n* 휴무일 : 연중무휴\n* 관련 홈페이지 : <a href=\"https://www.dytc.or.kr/main/33\" target=\"_blank\" title=\"새창 : 온달관광지 홈페이지로 이동\">https://www.dytc.or.kr/</a>\n\n◎이용안내\n- 이용요금 : \n개인 - 어른 5,000원, 청소년 3,500원, 어린이 2,500원\n단체 - 어른 4,000원, 청소년 2,500원, 어린이 1,500원\n- 화장실 : 있음(남녀구분)\n- 장애인 편의시설 : 장애인주차장 있음(2대), 장애인화장실 있음(남녀구분)\n- 주차시설 : 있음(일반 500여 대, 대형 40여 대)",
            "tel": "043-423-8820",
            "telname": "온달관광지 관리사무소",
            "title": "온달동굴"
          },
          {
            "addr": "충청북도 제천시 청전동 240-1 일원",
            "areacode": "33",
            "contentid": "2547353",
            "createdtime": "20180513211140",
            "mainimage": "http://tong.visitkorea.or.kr/cms/resource/33/2547233_image2_1.jpg",
            "cpyrhtDivCd": "Type3",
            "modifiedtime": "20231215153932",
            "sigungucode": "7",
            "subtitle": "",
            "summary": "2005년 11월부터 2006년 11월까지 1년간 청전제천 21 실천협의회 연구분과위원회에서 연구, 조사를 위탁하고 모니터링하여 사업비 14억 6천7백만 원 을 들여 시내권 내에 조성한 생태공원이다. 솔방죽의 저수 유입은 비룡담(제2 의림지)으로부터 농업용수를 사용 후 잠시 이곳에 저장된다. 원래의 연못은 1872년에 제작된 군, 현 지도에 ‘유등지’로 표기되었으나 ‘작은 연못’으로 불렸는데 청정제천 21 실천협의회에서 공원화 조성에 따라 ‘솔방죽’으로 이름을 붙였으며 제천시에서 처음으로 생태공원이라는 이름을 붙여 조성한 곳이다. 생태공원의 규모는 연면적 28,096㎡ 로 동서 220m, 남북 80~100m의 크기 저수지에 3개의 지역으로 나누어 조성되었다.\n\n\n* 문의 : 043-641-6731~3 \n* 휴무일 : 연중무휴 \n \n\n◎이용안내\n- 이용요금 : 무료\n- 화장실 : 있음(남녀구분) \n- 장애인 편의시설 : 장애인화장실 있음(남녀공용)\n- 주차시설 : 없음",
            "tel": "043-641-6731~3",
            "telname": "제천시청 문화관광과",
            "title": "제천솔방죽 생태공원"
          },
          {
            "addr": "제주특별자치도 서귀포시 성산읍 일출로 284-12",
            "areacode": "39",
            "contentid": "2508664",
            "createdtime": "20180612190038",
            "mainimage": "",
            "cpyrhtDivCd": "",
            "modifiedtime": "20231215153312",
            "sigungucode": "3",
            "subtitle": "",
            "summary": "유네스코 세계자연유산에 등재된 생태 여행지를 많이 품고 있는 제주도에서도 성산포는 더 특별하다. 2007년에 유네스코 세계자연유산 등재, 2010년에 세계지질공원에 등재된 성산일출봉을 품고 있기 때문이다. 제주의 일출명소로 잘 알려진 성산일출봉 전체와 반경 1km 이내 해역은 희귀 생물이 많이 서식하는 생태의 보고다. 그래서 2000년 7월부터 성산일출봉천연보호구역으로 지정하여 보호해왔다.\n성산포 일대는 원래 섬이었으나 주위에 사주가 쌓이면서 육지와 연결되었다. 사주로 인해 생긴 만의 서쪽은 해조류가 풍부하고, 넓은 갈대밭이 있어 겨울이면 철새들이 잠시 쉬어가는 철새 도래지이기도 하다. 이곳에는 매년 청둥오리·알락오리·아비류·논병아리류·물떼새류·해오라기류 등 다수의 철새가 찾아온다. 성산포 해안 일대는 녹조류·홍조류·갈조류 등 총 127여 종의 우리나라를 대표하는 해안식물이 서식하고 있어 국내 해양생물을 연구하는 데 중요한 지역이다. \n성산포는 성산일출봉에서 보는 일출과는 다른 해돋이를 감상할 수 있다. 유람선을 타면 성산 일출봉을 비롯해 용머리바위와 말뚝바위, 독수리바위, 주간명월, 후해석벽, 공룡바위, 멧돼지벽화 등 제주도와 우도의 수려한 해안 절경을 감상할 수 있다. 바다낚시를 체험할 수 있는 낚시유람선도 있어 직접 고기를 잡으며 짜릿한 손맛을 느껴볼 수도 있다.\n\n* 문의 : 064-710-3314\n* 휴무일 : 연중무휴\n* 지정현황 : 성산일출봉천연보호구역(천연기념물)\n* 관련 홈페이지 : <a href=\"https://www.visitjeju.net\" target=\"_blank\" title=\"새창 : 비짓제주 홈페이지로 이동\">https://www.visitjeju.net</a>\n\n◎이용안내\n- 이용요금 : 없음\n- 화장실 : 있음\n- 주차시설 : 있음",
            "tel": "064-710-3314",
            "telname": "제주도 관광정책과",
            "title": "서귀포시 성산포"
          }
        ]
      },
      "numOfRows": 10,
      "pageNo": 1,
      "totalCount": 165
    }
  }
}